{"_runtime":4662.4796273,"eval_loss":291.558349609375,"_wandb":{"runtime":4662},"_step":5670,"loss":294.1138000488281,"_timestamp":1.7272475273313115e+09}