{"_timestamp":1.7268075903496003e+09,"_runtime":52111.3333481,"_step":45379,"_wandb":{"runtime":54252},"loss":211.84384155273438}