{"_step":4537,"_wandb":{"runtime":2937},"loss":0.052880946546792984,"_timestamp":1.7269011506639526e+09,"_runtime":2561.8904976}