{"loss":1041.4781494140625,"_timestamp":1.7269190863390841e+09,"_runtime":4413.91906,"_step":5670,"eval_loss":1158.469482421875,"_wandb":{"runtime":4413}}