{"_timestamp":1.726905118318109e+09,"_runtime":2937.9480808,"_step":5671,"loss":0.24997496604919434,"eval_loss":0.235938161611557,"_wandb":{"runtime":2937}}