{"_runtime":597.6232492,"_step":1330,"loss":555.9906616210938,"eval_loss":615.1680908203125,"_wandb":{"runtime":597},"_timestamp":1.7272325919306931e+09}