{"_wandb":{"runtime":4895},"_runtime":4895.2736017,"_step":5671,"loss":253.30799865722656,"_timestamp":1.7272392052864728e+09,"eval_loss":233.23056030273438}