{"_runtime":21215.3792224,"_step":22674,"loss":0.008388443849980831,"_timestamp":1.7268683936638014e+09,"_wandb":{"runtime":21600}}