{"_runtime":30923.3295806,"eval_loss":4.079392910003662,"eval_loss_gen":424.44342041015625,"_wandb":{"runtime":30923},"loss":4.549740314483643,"_timestamp":1.7269586016039317e+09,"loss_gen":521.1227416992188,"eval_loss_cla":2.664581298828125,"_step":119111,"loss_cla":2.81266450881958}